{
    "loss": 1.6936818361282349,
    "accuracy": 0.5242718458175659
}