{
    "loss": 20.006526947021484,
    "accuracy": 0.5242718458175659
}